-- phpMyAdmin SQL Dump
-- version 4.9.2
-- https://www.phpmyadmin.net/
--
-- Host: 127.0.0.1:3306
-- Generation Time: Sep 08, 2020 at 04:21 AM
-- Server version: 10.4.10-MariaDB
-- PHP Version: 7.3.12

SET SQL_MODE = "NO_AUTO_VALUE_ON_ZERO";
SET AUTOCOMMIT = 0;
START TRANSACTION;
SET time_zone = "+00:00";


/*!40101 SET @OLD_CHARACTER_SET_CLIENT=@@CHARACTER_SET_CLIENT */;
/*!40101 SET @OLD_CHARACTER_SET_RESULTS=@@CHARACTER_SET_RESULTS */;
/*!40101 SET @OLD_COLLATION_CONNECTION=@@COLLATION_CONNECTION */;
/*!40101 SET NAMES utf8mb4 */;

--
-- Database: `judgefics2020`
--

-- --------------------------------------------------------

--
-- Table structure for table `judge_teams`
--

DROP TABLE IF EXISTS `judge_teams`;
CREATE TABLE IF NOT EXISTS `judge_teams` (
  `id` int(10) UNSIGNED NOT NULL AUTO_INCREMENT,
  `team_id` int(11) NOT NULL,
  `judge_id` int(11) NOT NULL,
  `Q1` int(11) DEFAULT NULL,
  `comments_q1` varchar(255) COLLATE utf8mb4_unicode_ci DEFAULT NULL,
  `Q2` int(11) DEFAULT NULL,
  `comments_q2` varchar(255) COLLATE utf8mb4_unicode_ci DEFAULT NULL,
  `Q3` int(11) DEFAULT NULL,
  `comments_q3` varchar(255) COLLATE utf8mb4_unicode_ci DEFAULT NULL,
  `Q4` int(11) DEFAULT NULL,
  `comments_q4` varchar(255) COLLATE utf8mb4_unicode_ci DEFAULT NULL,
  `Q5` int(11) DEFAULT NULL,
  `comments_q5` varchar(255) COLLATE utf8mb4_unicode_ci DEFAULT NULL,
  `Q6` int(11) DEFAULT NULL,
  `comments_q6` varchar(255) COLLATE utf8mb4_unicode_ci DEFAULT NULL,
  `assessment` varchar(255) COLLATE utf8mb4_unicode_ci DEFAULT NULL,
  `total_score` int(11) DEFAULT NULL,
  `check` varchar(255) COLLATE utf8mb4_unicode_ci NOT NULL DEFAULT 'No',
  `created_at` timestamp NULL DEFAULT NULL,
  `updated_at` timestamp NULL DEFAULT NULL,
  PRIMARY KEY (`id`),
  UNIQUE KEY `judge_teams_team_id_judge_id_unique` (`team_id`,`judge_id`)
) ENGINE=MyISAM AUTO_INCREMENT=196 DEFAULT CHARSET=utf8mb4 COLLATE=utf8mb4_unicode_ci;

--
-- Dumping data for table `judge_teams`
--

INSERT INTO `judge_teams` (`id`, `team_id`, `judge_id`, `Q1`, `comments_q1`, `Q2`, `comments_q2`, `Q3`, `comments_q3`, `Q4`, `comments_q4`, `Q5`, `comments_q5`, `Q6`, `comments_q6`, `assessment`, `total_score`, `check`, `created_at`, `updated_at`) VALUES
(1, 63, 1, NULL, NULL, NULL, NULL, NULL, NULL, NULL, NULL, NULL, NULL, NULL, NULL, NULL, NULL, 'No', '2020-09-08 04:09:42', '2020-09-08 04:09:42'),
(2, 67, 1, NULL, NULL, NULL, NULL, NULL, NULL, NULL, NULL, NULL, NULL, NULL, NULL, NULL, NULL, 'No', '2020-09-08 04:09:42', '2020-09-08 04:09:42'),
(3, 80, 1, NULL, NULL, NULL, NULL, NULL, NULL, NULL, NULL, NULL, NULL, NULL, NULL, NULL, NULL, 'No', '2020-09-08 04:09:42', '2020-09-08 04:09:42'),
(4, 83, 1, NULL, NULL, NULL, NULL, NULL, NULL, NULL, NULL, NULL, NULL, NULL, NULL, NULL, NULL, 'No', '2020-09-08 04:09:42', '2020-09-08 04:09:42'),
(5, 124, 1, NULL, NULL, NULL, NULL, NULL, NULL, NULL, NULL, NULL, NULL, NULL, NULL, NULL, NULL, 'No', '2020-09-08 04:09:42', '2020-09-08 04:09:42'),
(6, 135, 1, NULL, NULL, NULL, NULL, NULL, NULL, NULL, NULL, NULL, NULL, NULL, NULL, NULL, NULL, 'No', '2020-09-08 04:09:42', '2020-09-08 04:09:42'),
(7, 145, 1, NULL, NULL, NULL, NULL, NULL, NULL, NULL, NULL, NULL, NULL, NULL, NULL, NULL, NULL, 'No', '2020-09-08 04:09:42', '2020-09-08 04:09:42'),
(8, 174, 1, NULL, NULL, NULL, NULL, NULL, NULL, NULL, NULL, NULL, NULL, NULL, NULL, NULL, NULL, 'No', '2020-09-08 04:09:42', '2020-09-08 04:09:42'),
(9, 315, 1, NULL, NULL, NULL, NULL, NULL, NULL, NULL, NULL, NULL, NULL, NULL, NULL, NULL, NULL, 'No', '2020-09-08 04:09:42', '2020-09-08 04:09:42'),
(10, 325, 1, NULL, NULL, NULL, NULL, NULL, NULL, NULL, NULL, NULL, NULL, NULL, NULL, NULL, NULL, 'No', '2020-09-08 04:09:42', '2020-09-08 04:09:42'),
(11, 355, 1, NULL, NULL, NULL, NULL, NULL, NULL, NULL, NULL, NULL, NULL, NULL, NULL, NULL, NULL, 'No', '2020-09-08 04:09:42', '2020-09-08 04:09:42'),
(12, 63, 2, NULL, NULL, NULL, NULL, NULL, NULL, NULL, NULL, NULL, NULL, NULL, NULL, NULL, NULL, 'No', '2020-09-08 04:09:42', '2020-09-08 04:09:42'),
(13, 67, 2, NULL, NULL, NULL, NULL, NULL, NULL, NULL, NULL, NULL, NULL, NULL, NULL, NULL, NULL, 'No', '2020-09-08 04:09:42', '2020-09-08 04:09:42'),
(14, 80, 2, NULL, NULL, NULL, NULL, NULL, NULL, NULL, NULL, NULL, NULL, NULL, NULL, NULL, NULL, 'No', '2020-09-08 04:09:42', '2020-09-08 04:09:42'),
(15, 83, 2, NULL, NULL, NULL, NULL, NULL, NULL, NULL, NULL, NULL, NULL, NULL, NULL, NULL, NULL, 'No', '2020-09-08 04:09:42', '2020-09-08 04:09:42'),
(16, 124, 2, NULL, NULL, NULL, NULL, NULL, NULL, NULL, NULL, NULL, NULL, NULL, NULL, NULL, NULL, 'No', '2020-09-08 04:09:42', '2020-09-08 04:09:42'),
(17, 135, 2, NULL, NULL, NULL, NULL, NULL, NULL, NULL, NULL, NULL, NULL, NULL, NULL, NULL, NULL, 'No', '2020-09-08 04:09:42', '2020-09-08 04:09:42'),
(18, 145, 2, NULL, NULL, NULL, NULL, NULL, NULL, NULL, NULL, NULL, NULL, NULL, NULL, NULL, NULL, 'No', '2020-09-08 04:09:42', '2020-09-08 04:09:42'),
(19, 174, 2, NULL, NULL, NULL, NULL, NULL, NULL, NULL, NULL, NULL, NULL, NULL, NULL, NULL, NULL, 'No', '2020-09-08 04:09:42', '2020-09-08 04:09:42'),
(20, 315, 2, NULL, NULL, NULL, NULL, NULL, NULL, NULL, NULL, NULL, NULL, NULL, NULL, NULL, NULL, 'No', '2020-09-08 04:09:42', '2020-09-08 04:09:42'),
(21, 325, 2, NULL, NULL, NULL, NULL, NULL, NULL, NULL, NULL, NULL, NULL, NULL, NULL, NULL, NULL, 'No', '2020-09-08 04:09:42', '2020-09-08 04:09:42'),
(22, 355, 2, NULL, NULL, NULL, NULL, NULL, NULL, NULL, NULL, NULL, NULL, NULL, NULL, NULL, NULL, 'No', '2020-09-08 04:09:42', '2020-09-08 04:09:42'),
(23, 63, 3, NULL, NULL, NULL, NULL, NULL, NULL, NULL, NULL, NULL, NULL, NULL, NULL, NULL, NULL, 'No', '2020-09-08 04:09:42', '2020-09-08 04:09:42'),
(24, 67, 3, NULL, NULL, NULL, NULL, NULL, NULL, NULL, NULL, NULL, NULL, NULL, NULL, NULL, NULL, 'No', '2020-09-08 04:09:42', '2020-09-08 04:09:42'),
(25, 80, 3, NULL, NULL, NULL, NULL, NULL, NULL, NULL, NULL, NULL, NULL, NULL, NULL, NULL, NULL, 'No', '2020-09-08 04:09:42', '2020-09-08 04:09:42'),
(26, 83, 3, NULL, NULL, NULL, NULL, NULL, NULL, NULL, NULL, NULL, NULL, NULL, NULL, NULL, NULL, 'No', '2020-09-08 04:09:42', '2020-09-08 04:09:42'),
(27, 124, 3, NULL, NULL, NULL, NULL, NULL, NULL, NULL, NULL, NULL, NULL, NULL, NULL, NULL, NULL, 'No', '2020-09-08 04:09:42', '2020-09-08 04:09:42'),
(28, 135, 3, NULL, NULL, NULL, NULL, NULL, NULL, NULL, NULL, NULL, NULL, NULL, NULL, NULL, NULL, 'No', '2020-09-08 04:09:42', '2020-09-08 04:09:42'),
(29, 145, 3, NULL, NULL, NULL, NULL, NULL, NULL, NULL, NULL, NULL, NULL, NULL, NULL, NULL, NULL, 'No', '2020-09-08 04:09:42', '2020-09-08 04:09:42'),
(30, 174, 3, NULL, NULL, NULL, NULL, NULL, NULL, NULL, NULL, NULL, NULL, NULL, NULL, NULL, NULL, 'No', '2020-09-08 04:09:42', '2020-09-08 04:09:42'),
(31, 315, 3, NULL, NULL, NULL, NULL, NULL, NULL, NULL, NULL, NULL, NULL, NULL, NULL, NULL, NULL, 'No', '2020-09-08 04:09:42', '2020-09-08 04:09:42'),
(32, 325, 3, NULL, NULL, NULL, NULL, NULL, NULL, NULL, NULL, NULL, NULL, NULL, NULL, NULL, NULL, 'No', '2020-09-08 04:09:42', '2020-09-08 04:09:42'),
(33, 355, 3, NULL, NULL, NULL, NULL, NULL, NULL, NULL, NULL, NULL, NULL, NULL, NULL, NULL, NULL, 'No', '2020-09-08 04:09:43', '2020-09-08 04:09:43'),
(34, 63, 4, NULL, NULL, NULL, NULL, NULL, NULL, NULL, NULL, NULL, NULL, NULL, NULL, NULL, NULL, 'No', '2020-09-08 04:09:43', '2020-09-08 04:09:43'),
(35, 67, 4, NULL, NULL, NULL, NULL, NULL, NULL, NULL, NULL, NULL, NULL, NULL, NULL, NULL, NULL, 'No', '2020-09-08 04:09:43', '2020-09-08 04:09:43'),
(36, 80, 4, NULL, NULL, NULL, NULL, NULL, NULL, NULL, NULL, NULL, NULL, NULL, NULL, NULL, NULL, 'No', '2020-09-08 04:09:43', '2020-09-08 04:09:43'),
(37, 83, 4, NULL, NULL, NULL, NULL, NULL, NULL, NULL, NULL, NULL, NULL, NULL, NULL, NULL, NULL, 'No', '2020-09-08 04:09:43', '2020-09-08 04:09:43'),
(38, 124, 4, NULL, NULL, NULL, NULL, NULL, NULL, NULL, NULL, NULL, NULL, NULL, NULL, NULL, NULL, 'No', '2020-09-08 04:09:43', '2020-09-08 04:09:43'),
(39, 135, 4, NULL, NULL, NULL, NULL, NULL, NULL, NULL, NULL, NULL, NULL, NULL, NULL, NULL, NULL, 'No', '2020-09-08 04:09:43', '2020-09-08 04:09:43'),
(40, 145, 4, NULL, NULL, NULL, NULL, NULL, NULL, NULL, NULL, NULL, NULL, NULL, NULL, NULL, NULL, 'No', '2020-09-08 04:09:43', '2020-09-08 04:09:43'),
(41, 174, 4, NULL, NULL, NULL, NULL, NULL, NULL, NULL, NULL, NULL, NULL, NULL, NULL, NULL, NULL, 'No', '2020-09-08 04:09:43', '2020-09-08 04:09:43'),
(42, 315, 4, NULL, NULL, NULL, NULL, NULL, NULL, NULL, NULL, NULL, NULL, NULL, NULL, NULL, NULL, 'No', '2020-09-08 04:09:43', '2020-09-08 04:09:43'),
(43, 325, 4, NULL, NULL, NULL, NULL, NULL, NULL, NULL, NULL, NULL, NULL, NULL, NULL, NULL, NULL, 'No', '2020-09-08 04:09:43', '2020-09-08 04:09:43'),
(44, 355, 4, NULL, NULL, NULL, NULL, NULL, NULL, NULL, NULL, NULL, NULL, NULL, NULL, NULL, NULL, 'No', '2020-09-08 04:09:43', '2020-09-08 04:09:43'),
(45, 63, 5, NULL, NULL, NULL, NULL, NULL, NULL, NULL, NULL, NULL, NULL, NULL, NULL, NULL, NULL, 'No', '2020-09-08 04:09:43', '2020-09-08 04:09:43'),
(46, 67, 5, NULL, NULL, NULL, NULL, NULL, NULL, NULL, NULL, NULL, NULL, NULL, NULL, NULL, NULL, 'No', '2020-09-08 04:09:43', '2020-09-08 04:09:43'),
(47, 80, 5, NULL, NULL, NULL, NULL, NULL, NULL, NULL, NULL, NULL, NULL, NULL, NULL, NULL, NULL, 'No', '2020-09-08 04:09:43', '2020-09-08 04:09:43'),
(48, 83, 5, NULL, NULL, NULL, NULL, NULL, NULL, NULL, NULL, NULL, NULL, NULL, NULL, NULL, NULL, 'No', '2020-09-08 04:09:43', '2020-09-08 04:09:43'),
(49, 124, 5, NULL, NULL, NULL, NULL, NULL, NULL, NULL, NULL, NULL, NULL, NULL, NULL, NULL, NULL, 'No', '2020-09-08 04:09:43', '2020-09-08 04:09:43'),
(50, 135, 5, NULL, NULL, NULL, NULL, NULL, NULL, NULL, NULL, NULL, NULL, NULL, NULL, NULL, NULL, 'No', '2020-09-08 04:09:43', '2020-09-08 04:09:43'),
(51, 145, 5, NULL, NULL, NULL, NULL, NULL, NULL, NULL, NULL, NULL, NULL, NULL, NULL, NULL, NULL, 'No', '2020-09-08 04:09:43', '2020-09-08 04:09:43'),
(52, 174, 5, NULL, NULL, NULL, NULL, NULL, NULL, NULL, NULL, NULL, NULL, NULL, NULL, NULL, NULL, 'No', '2020-09-08 04:09:43', '2020-09-08 04:09:43'),
(53, 315, 5, NULL, NULL, NULL, NULL, NULL, NULL, NULL, NULL, NULL, NULL, NULL, NULL, NULL, NULL, 'No', '2020-09-08 04:09:43', '2020-09-08 04:09:43'),
(54, 325, 5, NULL, NULL, NULL, NULL, NULL, NULL, NULL, NULL, NULL, NULL, NULL, NULL, NULL, NULL, 'No', '2020-09-08 04:09:43', '2020-09-08 04:09:43'),
(55, 355, 5, NULL, NULL, NULL, NULL, NULL, NULL, NULL, NULL, NULL, NULL, NULL, NULL, NULL, NULL, 'No', '2020-09-08 04:09:43', '2020-09-08 04:09:43'),
(56, 62, 6, NULL, NULL, NULL, NULL, NULL, NULL, NULL, NULL, NULL, NULL, NULL, NULL, NULL, NULL, 'No', '2020-09-08 04:09:43', '2020-09-08 04:09:43'),
(57, 78, 6, NULL, NULL, NULL, NULL, NULL, NULL, NULL, NULL, NULL, NULL, NULL, NULL, NULL, NULL, 'No', '2020-09-08 04:09:43', '2020-09-08 04:09:43'),
(58, 92, 6, NULL, NULL, NULL, NULL, NULL, NULL, NULL, NULL, NULL, NULL, NULL, NULL, NULL, NULL, 'No', '2020-09-08 04:09:43', '2020-09-08 04:09:43'),
(59, 119, 6, NULL, NULL, NULL, NULL, NULL, NULL, NULL, NULL, NULL, NULL, NULL, NULL, NULL, NULL, 'No', '2020-09-08 04:09:43', '2020-09-08 04:09:43'),
(60, 129, 6, NULL, NULL, NULL, NULL, NULL, NULL, NULL, NULL, NULL, NULL, NULL, NULL, NULL, NULL, 'No', '2020-09-08 04:09:43', '2020-09-08 04:09:43'),
(61, 133, 6, NULL, NULL, NULL, NULL, NULL, NULL, NULL, NULL, NULL, NULL, NULL, NULL, NULL, NULL, 'No', '2020-09-08 04:09:43', '2020-09-08 04:09:43'),
(62, 190, 6, NULL, NULL, NULL, NULL, NULL, NULL, NULL, NULL, NULL, NULL, NULL, NULL, NULL, NULL, 'No', '2020-09-08 04:09:43', '2020-09-08 04:09:43'),
(63, 212, 6, NULL, NULL, NULL, NULL, NULL, NULL, NULL, NULL, NULL, NULL, NULL, NULL, NULL, NULL, 'No', '2020-09-08 04:09:43', '2020-09-08 04:09:43'),
(64, 313, 6, NULL, NULL, NULL, NULL, NULL, NULL, NULL, NULL, NULL, NULL, NULL, NULL, NULL, NULL, 'No', '2020-09-08 04:09:43', '2020-09-08 04:09:43'),
(65, 339, 6, NULL, NULL, NULL, NULL, NULL, NULL, NULL, NULL, NULL, NULL, NULL, NULL, NULL, NULL, 'No', '2020-09-08 04:09:43', '2020-09-08 04:09:43'),
(66, 62, 7, NULL, NULL, NULL, NULL, NULL, NULL, NULL, NULL, NULL, NULL, NULL, NULL, NULL, NULL, 'No', '2020-09-08 04:09:43', '2020-09-08 04:09:43'),
(67, 78, 7, NULL, NULL, NULL, NULL, NULL, NULL, NULL, NULL, NULL, NULL, NULL, NULL, NULL, NULL, 'No', '2020-09-08 04:09:43', '2020-09-08 04:09:43'),
(68, 92, 7, NULL, NULL, NULL, NULL, NULL, NULL, NULL, NULL, NULL, NULL, NULL, NULL, NULL, NULL, 'No', '2020-09-08 04:09:43', '2020-09-08 04:09:43'),
(69, 119, 7, NULL, NULL, NULL, NULL, NULL, NULL, NULL, NULL, NULL, NULL, NULL, NULL, NULL, NULL, 'No', '2020-09-08 04:09:43', '2020-09-08 04:09:43'),
(70, 129, 7, NULL, NULL, NULL, NULL, NULL, NULL, NULL, NULL, NULL, NULL, NULL, NULL, NULL, NULL, 'No', '2020-09-08 04:09:43', '2020-09-08 04:09:43'),
(71, 133, 7, NULL, NULL, NULL, NULL, NULL, NULL, NULL, NULL, NULL, NULL, NULL, NULL, NULL, NULL, 'No', '2020-09-08 04:09:43', '2020-09-08 04:09:43'),
(72, 190, 7, NULL, NULL, NULL, NULL, NULL, NULL, NULL, NULL, NULL, NULL, NULL, NULL, NULL, NULL, 'No', '2020-09-08 04:09:43', '2020-09-08 04:09:43'),
(73, 212, 7, NULL, NULL, NULL, NULL, NULL, NULL, NULL, NULL, NULL, NULL, NULL, NULL, NULL, NULL, 'No', '2020-09-08 04:09:43', '2020-09-08 04:09:43'),
(74, 313, 7, NULL, NULL, NULL, NULL, NULL, NULL, NULL, NULL, NULL, NULL, NULL, NULL, NULL, NULL, 'No', '2020-09-08 04:09:43', '2020-09-08 04:09:43'),
(75, 339, 7, NULL, NULL, NULL, NULL, NULL, NULL, NULL, NULL, NULL, NULL, NULL, NULL, NULL, NULL, 'No', '2020-09-08 04:09:43', '2020-09-08 04:09:43'),
(76, 62, 8, NULL, NULL, NULL, NULL, NULL, NULL, NULL, NULL, NULL, NULL, NULL, NULL, NULL, NULL, 'No', '2020-09-08 04:09:43', '2020-09-08 04:09:43'),
(77, 78, 8, NULL, NULL, NULL, NULL, NULL, NULL, NULL, NULL, NULL, NULL, NULL, NULL, NULL, NULL, 'No', '2020-09-08 04:09:43', '2020-09-08 04:09:43'),
(78, 92, 8, NULL, NULL, NULL, NULL, NULL, NULL, NULL, NULL, NULL, NULL, NULL, NULL, NULL, NULL, 'No', '2020-09-08 04:09:43', '2020-09-08 04:09:43'),
(79, 119, 8, NULL, NULL, NULL, NULL, NULL, NULL, NULL, NULL, NULL, NULL, NULL, NULL, NULL, NULL, 'No', '2020-09-08 04:09:43', '2020-09-08 04:09:43'),
(80, 129, 8, NULL, NULL, NULL, NULL, NULL, NULL, NULL, NULL, NULL, NULL, NULL, NULL, NULL, NULL, 'No', '2020-09-08 04:09:43', '2020-09-08 04:09:43'),
(81, 133, 8, NULL, NULL, NULL, NULL, NULL, NULL, NULL, NULL, NULL, NULL, NULL, NULL, NULL, NULL, 'No', '2020-09-08 04:09:43', '2020-09-08 04:09:43'),
(82, 190, 8, NULL, NULL, NULL, NULL, NULL, NULL, NULL, NULL, NULL, NULL, NULL, NULL, NULL, NULL, 'No', '2020-09-08 04:09:43', '2020-09-08 04:09:43'),
(83, 212, 8, NULL, NULL, NULL, NULL, NULL, NULL, NULL, NULL, NULL, NULL, NULL, NULL, NULL, NULL, 'No', '2020-09-08 04:09:43', '2020-09-08 04:09:43'),
(84, 313, 8, NULL, NULL, NULL, NULL, NULL, NULL, NULL, NULL, NULL, NULL, NULL, NULL, NULL, NULL, 'No', '2020-09-08 04:09:43', '2020-09-08 04:09:43'),
(85, 339, 8, NULL, NULL, NULL, NULL, NULL, NULL, NULL, NULL, NULL, NULL, NULL, NULL, NULL, NULL, 'No', '2020-09-08 04:09:43', '2020-09-08 04:09:43'),
(86, 62, 9, NULL, NULL, NULL, NULL, NULL, NULL, NULL, NULL, NULL, NULL, NULL, NULL, NULL, NULL, 'No', '2020-09-08 04:09:43', '2020-09-08 04:09:43'),
(87, 78, 9, NULL, NULL, NULL, NULL, NULL, NULL, NULL, NULL, NULL, NULL, NULL, NULL, NULL, NULL, 'No', '2020-09-08 04:09:43', '2020-09-08 04:09:43'),
(88, 92, 9, NULL, NULL, NULL, NULL, NULL, NULL, NULL, NULL, NULL, NULL, NULL, NULL, NULL, NULL, 'No', '2020-09-08 04:09:43', '2020-09-08 04:09:43'),
(89, 119, 9, NULL, NULL, NULL, NULL, NULL, NULL, NULL, NULL, NULL, NULL, NULL, NULL, NULL, NULL, 'No', '2020-09-08 04:09:43', '2020-09-08 04:09:43'),
(90, 129, 9, NULL, NULL, NULL, NULL, NULL, NULL, NULL, NULL, NULL, NULL, NULL, NULL, NULL, NULL, 'No', '2020-09-08 04:09:43', '2020-09-08 04:09:43'),
(91, 133, 9, NULL, NULL, NULL, NULL, NULL, NULL, NULL, NULL, NULL, NULL, NULL, NULL, NULL, NULL, 'No', '2020-09-08 04:09:43', '2020-09-08 04:09:43'),
(92, 190, 9, NULL, NULL, NULL, NULL, NULL, NULL, NULL, NULL, NULL, NULL, NULL, NULL, NULL, NULL, 'No', '2020-09-08 04:09:43', '2020-09-08 04:09:43'),
(93, 212, 9, NULL, NULL, NULL, NULL, NULL, NULL, NULL, NULL, NULL, NULL, NULL, NULL, NULL, NULL, 'No', '2020-09-08 04:09:43', '2020-09-08 04:09:43'),
(94, 313, 9, NULL, NULL, NULL, NULL, NULL, NULL, NULL, NULL, NULL, NULL, NULL, NULL, NULL, NULL, 'No', '2020-09-08 04:09:43', '2020-09-08 04:09:43'),
(95, 339, 9, NULL, NULL, NULL, NULL, NULL, NULL, NULL, NULL, NULL, NULL, NULL, NULL, NULL, NULL, 'No', '2020-09-08 04:09:43', '2020-09-08 04:09:43'),
(96, 62, 10, NULL, NULL, NULL, NULL, NULL, NULL, NULL, NULL, NULL, NULL, NULL, NULL, NULL, NULL, 'No', '2020-09-08 04:09:43', '2020-09-08 04:09:43'),
(97, 78, 10, NULL, NULL, NULL, NULL, NULL, NULL, NULL, NULL, NULL, NULL, NULL, NULL, NULL, NULL, 'No', '2020-09-08 04:09:44', '2020-09-08 04:09:44'),
(98, 92, 10, NULL, NULL, NULL, NULL, NULL, NULL, NULL, NULL, NULL, NULL, NULL, NULL, NULL, NULL, 'No', '2020-09-08 04:09:44', '2020-09-08 04:09:44'),
(99, 119, 10, NULL, NULL, NULL, NULL, NULL, NULL, NULL, NULL, NULL, NULL, NULL, NULL, NULL, NULL, 'No', '2020-09-08 04:09:44', '2020-09-08 04:09:44'),
(100, 129, 10, NULL, NULL, NULL, NULL, NULL, NULL, NULL, NULL, NULL, NULL, NULL, NULL, NULL, NULL, 'No', '2020-09-08 04:09:44', '2020-09-08 04:09:44'),
(101, 133, 10, NULL, NULL, NULL, NULL, NULL, NULL, NULL, NULL, NULL, NULL, NULL, NULL, NULL, NULL, 'No', '2020-09-08 04:09:44', '2020-09-08 04:09:44'),
(102, 190, 10, NULL, NULL, NULL, NULL, NULL, NULL, NULL, NULL, NULL, NULL, NULL, NULL, NULL, NULL, 'No', '2020-09-08 04:09:44', '2020-09-08 04:09:44'),
(103, 212, 10, NULL, NULL, NULL, NULL, NULL, NULL, NULL, NULL, NULL, NULL, NULL, NULL, NULL, NULL, 'No', '2020-09-08 04:09:44', '2020-09-08 04:09:44'),
(104, 313, 10, NULL, NULL, NULL, NULL, NULL, NULL, NULL, NULL, NULL, NULL, NULL, NULL, NULL, NULL, 'No', '2020-09-08 04:09:44', '2020-09-08 04:09:44'),
(105, 339, 10, NULL, NULL, NULL, NULL, NULL, NULL, NULL, NULL, NULL, NULL, NULL, NULL, NULL, NULL, 'No', '2020-09-08 04:09:44', '2020-09-08 04:09:44'),
(106, 47, 11, NULL, NULL, NULL, NULL, NULL, NULL, NULL, NULL, NULL, NULL, NULL, NULL, NULL, NULL, 'No', '2020-09-08 04:09:44', '2020-09-08 04:09:44'),
(107, 48, 11, NULL, NULL, NULL, NULL, NULL, NULL, NULL, NULL, NULL, NULL, NULL, NULL, NULL, NULL, 'No', '2020-09-08 04:09:44', '2020-09-08 04:09:44'),
(108, 53, 11, NULL, NULL, NULL, NULL, NULL, NULL, NULL, NULL, NULL, NULL, NULL, NULL, NULL, NULL, 'No', '2020-09-08 04:09:44', '2020-09-08 04:09:44'),
(109, 87, 11, NULL, NULL, NULL, NULL, NULL, NULL, NULL, NULL, NULL, NULL, NULL, NULL, NULL, NULL, 'No', '2020-09-08 04:09:44', '2020-09-08 04:09:44'),
(110, 103, 11, NULL, NULL, NULL, NULL, NULL, NULL, NULL, NULL, NULL, NULL, NULL, NULL, NULL, NULL, 'No', '2020-09-08 04:09:44', '2020-09-08 04:09:44'),
(111, 155, 11, NULL, NULL, NULL, NULL, NULL, NULL, NULL, NULL, NULL, NULL, NULL, NULL, NULL, NULL, 'No', '2020-09-08 04:09:44', '2020-09-08 04:09:44'),
(112, 165, 11, NULL, NULL, NULL, NULL, NULL, NULL, NULL, NULL, NULL, NULL, NULL, NULL, NULL, NULL, 'No', '2020-09-08 04:09:44', '2020-09-08 04:09:44'),
(113, 245, 11, NULL, NULL, NULL, NULL, NULL, NULL, NULL, NULL, NULL, NULL, NULL, NULL, NULL, NULL, 'No', '2020-09-08 04:09:44', '2020-09-08 04:09:44'),
(114, 327, 11, NULL, NULL, NULL, NULL, NULL, NULL, NULL, NULL, NULL, NULL, NULL, NULL, NULL, NULL, 'No', '2020-09-08 04:09:44', '2020-09-08 04:09:44'),
(115, 338, 11, NULL, NULL, NULL, NULL, NULL, NULL, NULL, NULL, NULL, NULL, NULL, NULL, NULL, NULL, 'No', '2020-09-08 04:09:44', '2020-09-08 04:09:44'),
(116, 47, 12, NULL, NULL, NULL, NULL, NULL, NULL, NULL, NULL, NULL, NULL, NULL, NULL, NULL, NULL, 'No', '2020-09-08 04:09:44', '2020-09-08 04:09:44'),
(117, 48, 12, NULL, NULL, NULL, NULL, NULL, NULL, NULL, NULL, NULL, NULL, NULL, NULL, NULL, NULL, 'No', '2020-09-08 04:09:44', '2020-09-08 04:09:44'),
(118, 53, 12, NULL, NULL, NULL, NULL, NULL, NULL, NULL, NULL, NULL, NULL, NULL, NULL, NULL, NULL, 'No', '2020-09-08 04:09:44', '2020-09-08 04:09:44'),
(119, 87, 12, NULL, NULL, NULL, NULL, NULL, NULL, NULL, NULL, NULL, NULL, NULL, NULL, NULL, NULL, 'No', '2020-09-08 04:09:44', '2020-09-08 04:09:44'),
(120, 103, 12, NULL, NULL, NULL, NULL, NULL, NULL, NULL, NULL, NULL, NULL, NULL, NULL, NULL, NULL, 'No', '2020-09-08 04:09:44', '2020-09-08 04:09:44'),
(121, 155, 12, NULL, NULL, NULL, NULL, NULL, NULL, NULL, NULL, NULL, NULL, NULL, NULL, NULL, NULL, 'No', '2020-09-08 04:09:44', '2020-09-08 04:09:44'),
(122, 165, 12, NULL, NULL, NULL, NULL, NULL, NULL, NULL, NULL, NULL, NULL, NULL, NULL, NULL, NULL, 'No', '2020-09-08 04:09:44', '2020-09-08 04:09:44'),
(123, 245, 12, NULL, NULL, NULL, NULL, NULL, NULL, NULL, NULL, NULL, NULL, NULL, NULL, NULL, NULL, 'No', '2020-09-08 04:09:44', '2020-09-08 04:09:44'),
(124, 327, 12, NULL, NULL, NULL, NULL, NULL, NULL, NULL, NULL, NULL, NULL, NULL, NULL, NULL, NULL, 'No', '2020-09-08 04:09:44', '2020-09-08 04:09:44'),
(125, 338, 12, NULL, NULL, NULL, NULL, NULL, NULL, NULL, NULL, NULL, NULL, NULL, NULL, NULL, NULL, 'No', '2020-09-08 04:09:44', '2020-09-08 04:09:44'),
(126, 47, 13, NULL, NULL, NULL, NULL, NULL, NULL, NULL, NULL, NULL, NULL, NULL, NULL, NULL, NULL, 'No', '2020-09-08 04:09:44', '2020-09-08 04:09:44'),
(127, 48, 13, NULL, NULL, NULL, NULL, NULL, NULL, NULL, NULL, NULL, NULL, NULL, NULL, NULL, NULL, 'No', '2020-09-08 04:09:44', '2020-09-08 04:09:44'),
(128, 53, 13, NULL, NULL, NULL, NULL, NULL, NULL, NULL, NULL, NULL, NULL, NULL, NULL, NULL, NULL, 'No', '2020-09-08 04:09:44', '2020-09-08 04:09:44'),
(129, 87, 13, NULL, NULL, NULL, NULL, NULL, NULL, NULL, NULL, NULL, NULL, NULL, NULL, NULL, NULL, 'No', '2020-09-08 04:09:44', '2020-09-08 04:09:44'),
(130, 103, 13, NULL, NULL, NULL, NULL, NULL, NULL, NULL, NULL, NULL, NULL, NULL, NULL, NULL, NULL, 'No', '2020-09-08 04:09:44', '2020-09-08 04:09:44'),
(131, 155, 13, NULL, NULL, NULL, NULL, NULL, NULL, NULL, NULL, NULL, NULL, NULL, NULL, NULL, NULL, 'No', '2020-09-08 04:09:44', '2020-09-08 04:09:44'),
(132, 165, 13, NULL, NULL, NULL, NULL, NULL, NULL, NULL, NULL, NULL, NULL, NULL, NULL, NULL, NULL, 'No', '2020-09-08 04:09:44', '2020-09-08 04:09:44'),
(133, 245, 13, NULL, NULL, NULL, NULL, NULL, NULL, NULL, NULL, NULL, NULL, NULL, NULL, NULL, NULL, 'No', '2020-09-08 04:09:44', '2020-09-08 04:09:44'),
(134, 327, 13, NULL, NULL, NULL, NULL, NULL, NULL, NULL, NULL, NULL, NULL, NULL, NULL, NULL, NULL, 'No', '2020-09-08 04:09:44', '2020-09-08 04:09:44'),
(135, 338, 13, NULL, NULL, NULL, NULL, NULL, NULL, NULL, NULL, NULL, NULL, NULL, NULL, NULL, NULL, 'No', '2020-09-08 04:09:44', '2020-09-08 04:09:44'),
(136, 47, 14, NULL, NULL, NULL, NULL, NULL, NULL, NULL, NULL, NULL, NULL, NULL, NULL, NULL, NULL, 'No', '2020-09-08 04:09:44', '2020-09-08 04:09:44'),
(137, 48, 14, NULL, NULL, NULL, NULL, NULL, NULL, NULL, NULL, NULL, NULL, NULL, NULL, NULL, NULL, 'No', '2020-09-08 04:09:44', '2020-09-08 04:09:44'),
(138, 53, 14, NULL, NULL, NULL, NULL, NULL, NULL, NULL, NULL, NULL, NULL, NULL, NULL, NULL, NULL, 'No', '2020-09-08 04:09:44', '2020-09-08 04:09:44'),
(139, 87, 14, NULL, NULL, NULL, NULL, NULL, NULL, NULL, NULL, NULL, NULL, NULL, NULL, NULL, NULL, 'No', '2020-09-08 04:09:44', '2020-09-08 04:09:44'),
(140, 103, 14, NULL, NULL, NULL, NULL, NULL, NULL, NULL, NULL, NULL, NULL, NULL, NULL, NULL, NULL, 'No', '2020-09-08 04:09:44', '2020-09-08 04:09:44'),
(141, 155, 14, NULL, NULL, NULL, NULL, NULL, NULL, NULL, NULL, NULL, NULL, NULL, NULL, NULL, NULL, 'No', '2020-09-08 04:09:44', '2020-09-08 04:09:44'),
(142, 165, 14, NULL, NULL, NULL, NULL, NULL, NULL, NULL, NULL, NULL, NULL, NULL, NULL, NULL, NULL, 'No', '2020-09-08 04:09:44', '2020-09-08 04:09:44'),
(143, 245, 14, NULL, NULL, NULL, NULL, NULL, NULL, NULL, NULL, NULL, NULL, NULL, NULL, NULL, NULL, 'No', '2020-09-08 04:09:44', '2020-09-08 04:09:44'),
(144, 327, 14, NULL, NULL, NULL, NULL, NULL, NULL, NULL, NULL, NULL, NULL, NULL, NULL, NULL, NULL, 'No', '2020-09-08 04:09:44', '2020-09-08 04:09:44'),
(145, 338, 14, NULL, NULL, NULL, NULL, NULL, NULL, NULL, NULL, NULL, NULL, NULL, NULL, NULL, NULL, 'No', '2020-09-08 04:09:44', '2020-09-08 04:09:44'),
(146, 47, 15, NULL, NULL, NULL, NULL, NULL, NULL, NULL, NULL, NULL, NULL, NULL, NULL, NULL, NULL, 'No', '2020-09-08 04:09:44', '2020-09-08 04:09:44'),
(147, 48, 15, NULL, NULL, NULL, NULL, NULL, NULL, NULL, NULL, NULL, NULL, NULL, NULL, NULL, NULL, 'No', '2020-09-08 04:09:44', '2020-09-08 04:09:44'),
(148, 53, 15, NULL, NULL, NULL, NULL, NULL, NULL, NULL, NULL, NULL, NULL, NULL, NULL, NULL, NULL, 'No', '2020-09-08 04:09:44', '2020-09-08 04:09:44'),
(149, 87, 15, NULL, NULL, NULL, NULL, NULL, NULL, NULL, NULL, NULL, NULL, NULL, NULL, NULL, NULL, 'No', '2020-09-08 04:09:44', '2020-09-08 04:09:44'),
(150, 103, 15, NULL, NULL, NULL, NULL, NULL, NULL, NULL, NULL, NULL, NULL, NULL, NULL, NULL, NULL, 'No', '2020-09-08 04:09:44', '2020-09-08 04:09:44'),
(151, 155, 15, NULL, NULL, NULL, NULL, NULL, NULL, NULL, NULL, NULL, NULL, NULL, NULL, NULL, NULL, 'No', '2020-09-08 04:09:44', '2020-09-08 04:09:44'),
(152, 165, 15, NULL, NULL, NULL, NULL, NULL, NULL, NULL, NULL, NULL, NULL, NULL, NULL, NULL, NULL, 'No', '2020-09-08 04:09:44', '2020-09-08 04:09:44'),
(153, 245, 15, NULL, NULL, NULL, NULL, NULL, NULL, NULL, NULL, NULL, NULL, NULL, NULL, NULL, NULL, 'No', '2020-09-08 04:09:44', '2020-09-08 04:09:44'),
(154, 327, 15, NULL, NULL, NULL, NULL, NULL, NULL, NULL, NULL, NULL, NULL, NULL, NULL, NULL, NULL, 'No', '2020-09-08 04:09:44', '2020-09-08 04:09:44'),
(155, 338, 15, NULL, NULL, NULL, NULL, NULL, NULL, NULL, NULL, NULL, NULL, NULL, NULL, NULL, NULL, 'No', '2020-09-08 04:09:44', '2020-09-08 04:09:44'),
(156, 46, 16, NULL, NULL, NULL, NULL, NULL, NULL, NULL, NULL, NULL, NULL, NULL, NULL, NULL, NULL, 'No', '2020-09-08 04:09:44', '2020-09-08 04:09:44'),
(157, 68, 16, NULL, NULL, NULL, NULL, NULL, NULL, NULL, NULL, NULL, NULL, NULL, NULL, NULL, NULL, 'No', '2020-09-08 04:09:45', '2020-09-08 04:09:45'),
(158, 104, 16, NULL, NULL, NULL, NULL, NULL, NULL, NULL, NULL, NULL, NULL, NULL, NULL, NULL, NULL, 'No', '2020-09-08 04:09:45', '2020-09-08 04:09:45'),
(159, 111, 16, NULL, NULL, NULL, NULL, NULL, NULL, NULL, NULL, NULL, NULL, NULL, NULL, NULL, NULL, 'No', '2020-09-08 04:09:45', '2020-09-08 04:09:45'),
(160, 176, 16, NULL, NULL, NULL, NULL, NULL, NULL, NULL, NULL, NULL, NULL, NULL, NULL, NULL, NULL, 'No', '2020-09-08 04:09:45', '2020-09-08 04:09:45'),
(161, 203, 16, NULL, NULL, NULL, NULL, NULL, NULL, NULL, NULL, NULL, NULL, NULL, NULL, NULL, NULL, 'No', '2020-09-08 04:09:45', '2020-09-08 04:09:45'),
(162, 308, 16, NULL, NULL, NULL, NULL, NULL, NULL, NULL, NULL, NULL, NULL, NULL, NULL, NULL, NULL, 'No', '2020-09-08 04:09:45', '2020-09-08 04:09:45'),
(163, 320, 16, NULL, NULL, NULL, NULL, NULL, NULL, NULL, NULL, NULL, NULL, NULL, NULL, NULL, NULL, 'No', '2020-09-08 04:09:45', '2020-09-08 04:09:45'),
(164, 46, 17, NULL, NULL, NULL, NULL, NULL, NULL, NULL, NULL, NULL, NULL, NULL, NULL, NULL, NULL, 'No', '2020-09-08 04:09:45', '2020-09-08 04:09:45'),
(165, 68, 17, NULL, NULL, NULL, NULL, NULL, NULL, NULL, NULL, NULL, NULL, NULL, NULL, NULL, NULL, 'No', '2020-09-08 04:09:45', '2020-09-08 04:09:45'),
(166, 104, 17, NULL, NULL, NULL, NULL, NULL, NULL, NULL, NULL, NULL, NULL, NULL, NULL, NULL, NULL, 'No', '2020-09-08 04:09:45', '2020-09-08 04:09:45'),
(167, 111, 17, NULL, NULL, NULL, NULL, NULL, NULL, NULL, NULL, NULL, NULL, NULL, NULL, NULL, NULL, 'No', '2020-09-08 04:09:45', '2020-09-08 04:09:45'),
(168, 176, 17, NULL, NULL, NULL, NULL, NULL, NULL, NULL, NULL, NULL, NULL, NULL, NULL, NULL, NULL, 'No', '2020-09-08 04:09:45', '2020-09-08 04:09:45'),
(169, 203, 17, NULL, NULL, NULL, NULL, NULL, NULL, NULL, NULL, NULL, NULL, NULL, NULL, NULL, NULL, 'No', '2020-09-08 04:09:45', '2020-09-08 04:09:45'),
(170, 308, 17, NULL, NULL, NULL, NULL, NULL, NULL, NULL, NULL, NULL, NULL, NULL, NULL, NULL, NULL, 'No', '2020-09-08 04:09:45', '2020-09-08 04:09:45'),
(171, 320, 17, NULL, NULL, NULL, NULL, NULL, NULL, NULL, NULL, NULL, NULL, NULL, NULL, NULL, NULL, 'No', '2020-09-08 04:09:45', '2020-09-08 04:09:45'),
(172, 46, 18, NULL, NULL, NULL, NULL, NULL, NULL, NULL, NULL, NULL, NULL, NULL, NULL, NULL, NULL, 'No', '2020-09-08 04:09:45', '2020-09-08 04:09:45'),
(173, 68, 18, NULL, NULL, NULL, NULL, NULL, NULL, NULL, NULL, NULL, NULL, NULL, NULL, NULL, NULL, 'No', '2020-09-08 04:09:45', '2020-09-08 04:09:45'),
(174, 104, 18, NULL, NULL, NULL, NULL, NULL, NULL, NULL, NULL, NULL, NULL, NULL, NULL, NULL, NULL, 'No', '2020-09-08 04:09:45', '2020-09-08 04:09:45'),
(175, 111, 18, NULL, NULL, NULL, NULL, NULL, NULL, NULL, NULL, NULL, NULL, NULL, NULL, NULL, NULL, 'No', '2020-09-08 04:09:45', '2020-09-08 04:09:45'),
(176, 176, 18, NULL, NULL, NULL, NULL, NULL, NULL, NULL, NULL, NULL, NULL, NULL, NULL, NULL, NULL, 'No', '2020-09-08 04:09:45', '2020-09-08 04:09:45'),
(177, 203, 18, NULL, NULL, NULL, NULL, NULL, NULL, NULL, NULL, NULL, NULL, NULL, NULL, NULL, NULL, 'No', '2020-09-08 04:09:45', '2020-09-08 04:09:45'),
(178, 308, 18, NULL, NULL, NULL, NULL, NULL, NULL, NULL, NULL, NULL, NULL, NULL, NULL, NULL, NULL, 'No', '2020-09-08 04:09:45', '2020-09-08 04:09:45'),
(179, 320, 18, NULL, NULL, NULL, NULL, NULL, NULL, NULL, NULL, NULL, NULL, NULL, NULL, NULL, NULL, 'No', '2020-09-08 04:09:45', '2020-09-08 04:09:45'),
(180, 46, 19, NULL, NULL, NULL, NULL, NULL, NULL, NULL, NULL, NULL, NULL, NULL, NULL, NULL, NULL, 'No', '2020-09-08 04:09:45', '2020-09-08 04:09:45'),
(181, 68, 19, NULL, NULL, NULL, NULL, NULL, NULL, NULL, NULL, NULL, NULL, NULL, NULL, NULL, NULL, 'No', '2020-09-08 04:09:45', '2020-09-08 04:09:45'),
(182, 104, 19, NULL, NULL, NULL, NULL, NULL, NULL, NULL, NULL, NULL, NULL, NULL, NULL, NULL, NULL, 'No', '2020-09-08 04:09:45', '2020-09-08 04:09:45'),
(183, 111, 19, NULL, NULL, NULL, NULL, NULL, NULL, NULL, NULL, NULL, NULL, NULL, NULL, NULL, NULL, 'No', '2020-09-08 04:09:45', '2020-09-08 04:09:45'),
(184, 176, 19, NULL, NULL, NULL, NULL, NULL, NULL, NULL, NULL, NULL, NULL, NULL, NULL, NULL, NULL, 'No', '2020-09-08 04:09:45', '2020-09-08 04:09:45'),
(185, 203, 19, NULL, NULL, NULL, NULL, NULL, NULL, NULL, NULL, NULL, NULL, NULL, NULL, NULL, NULL, 'No', '2020-09-08 04:09:45', '2020-09-08 04:09:45'),
(186, 308, 19, NULL, NULL, NULL, NULL, NULL, NULL, NULL, NULL, NULL, NULL, NULL, NULL, NULL, NULL, 'No', '2020-09-08 04:09:45', '2020-09-08 04:09:45'),
(187, 320, 19, NULL, NULL, NULL, NULL, NULL, NULL, NULL, NULL, NULL, NULL, NULL, NULL, NULL, NULL, 'No', '2020-09-08 04:09:45', '2020-09-08 04:09:45'),
(188, 46, 20, NULL, NULL, NULL, NULL, NULL, NULL, NULL, NULL, NULL, NULL, NULL, NULL, NULL, NULL, 'No', '2020-09-08 04:09:45', '2020-09-08 04:09:45'),
(189, 68, 20, NULL, NULL, NULL, NULL, NULL, NULL, NULL, NULL, NULL, NULL, NULL, NULL, NULL, NULL, 'No', '2020-09-08 04:09:45', '2020-09-08 04:09:45'),
(190, 104, 20, NULL, NULL, NULL, NULL, NULL, NULL, NULL, NULL, NULL, NULL, NULL, NULL, NULL, NULL, 'No', '2020-09-08 04:09:45', '2020-09-08 04:09:45'),
(191, 111, 20, NULL, NULL, NULL, NULL, NULL, NULL, NULL, NULL, NULL, NULL, NULL, NULL, NULL, NULL, 'No', '2020-09-08 04:09:45', '2020-09-08 04:09:45'),
(192, 176, 20, NULL, NULL, NULL, NULL, NULL, NULL, NULL, NULL, NULL, NULL, NULL, NULL, NULL, NULL, 'No', '2020-09-08 04:09:45', '2020-09-08 04:09:45'),
(193, 203, 20, NULL, NULL, NULL, NULL, NULL, NULL, NULL, NULL, NULL, NULL, NULL, NULL, NULL, NULL, 'No', '2020-09-08 04:09:45', '2020-09-08 04:09:45'),
(194, 308, 20, NULL, NULL, NULL, NULL, NULL, NULL, NULL, NULL, NULL, NULL, NULL, NULL, NULL, NULL, 'No', '2020-09-08 04:09:45', '2020-09-08 04:09:45'),
(195, 320, 20, NULL, NULL, NULL, NULL, NULL, NULL, NULL, NULL, NULL, NULL, NULL, NULL, NULL, NULL, 'No', '2020-09-08 04:09:45', '2020-09-08 04:09:45');

-- --------------------------------------------------------

--
-- Table structure for table `migrations`
--

DROP TABLE IF EXISTS `migrations`;
CREATE TABLE IF NOT EXISTS `migrations` (
  `id` int(10) UNSIGNED NOT NULL AUTO_INCREMENT,
  `migration` varchar(255) COLLATE utf8mb4_unicode_ci NOT NULL,
  `batch` int(11) NOT NULL,
  PRIMARY KEY (`id`)
) ENGINE=MyISAM AUTO_INCREMENT=7 DEFAULT CHARSET=utf8mb4 COLLATE=utf8mb4_unicode_ci;

--
-- Dumping data for table `migrations`
--

INSERT INTO `migrations` (`id`, `migration`, `batch`) VALUES
(1, '2014_10_12_100000_create_password_resets_table', 1),
(2, '2017_11_09_233933_create_teams_table', 1),
(3, '2018_03_17_115302_drop_password_resets_table', 1),
(4, '2018_03_17_115326_drop_judges_table', 1),
(5, '2020_06_10_050509_create_judge_teams_table', 1),
(6, '2020_06_10_052911_create_users_table', 1);

-- --------------------------------------------------------

--
-- Table structure for table `teams`
--

DROP TABLE IF EXISTS `teams`;
CREATE TABLE IF NOT EXISTS `teams` (
  `id` int(11) NOT NULL,
  `project_name` varchar(255) COLLATE utf8mb4_unicode_ci NOT NULL,
  `ready` varchar(255) COLLATE utf8mb4_unicode_ci NOT NULL DEFAULT 'No',
  `participants_no` int(11) NOT NULL DEFAULT 1,
  `arrived` varchar(255) COLLATE utf8mb4_unicode_ci NOT NULL DEFAULT 'No',
  `created_at` timestamp NULL DEFAULT NULL,
  `updated_at` timestamp NULL DEFAULT NULL,
  UNIQUE KEY `teams_id_unique` (`id`)
) ENGINE=MyISAM DEFAULT CHARSET=utf8mb4 COLLATE=utf8mb4_unicode_ci;

--
-- Dumping data for table `teams`
--

INSERT INTO `teams` (`id`, `project_name`, `ready`, `participants_no`, `arrived`, `created_at`, `updated_at`) VALUES
(174, 'Waste-to-Zeolite ', 'Yes', 1, 'No', '2020-09-08 04:09:45', '2020-09-07 23:17:10'),
(355, 'Graphene sensor ', 'Yes', 1, 'No', '2020-09-08 04:09:45', '2020-09-07 23:17:13'),
(190, 'Quantifying Quality ', 'Yes', 1, 'No', '2020-09-08 04:09:45', '2020-09-07 23:17:14'),
(325, 'P-CHAB Suit ', 'Yes', 1, 'No', '2020-09-08 04:09:45', '2020-09-07 23:17:17'),
(338, 'iExit ', 'Yes', 1, 'No', '2020-09-08 04:09:45', '2020-09-07 23:17:34'),
(308, 'Detect-o-Drowsiness ', 'Yes', 1, 'No', '2020-09-08 04:09:45', '2020-09-07 23:17:38'),
(104, 'X-Free ', 'No', 1, 'No', '2020-09-08 04:09:45', '2020-09-08 04:09:45'),
(245, 'Smart Investor ', 'No', 1, 'No', '2020-09-08 04:09:45', '2020-09-08 04:09:45'),
(176, 'Eye-Q ', 'No', 1, 'No', '2020-09-08 04:09:45', '2020-09-08 04:09:45'),
(63, 'Brain Interpreter ', 'No', 1, 'No', '2020-09-08 04:09:45', '2020-09-08 04:09:45'),
(67, 'Gold Nanocages ', 'No', 1, 'No', '2020-09-08 04:09:45', '2020-09-08 04:09:45'),
(145, 'CF Gauge ', 'No', 1, 'No', '2020-09-08 04:09:45', '2020-09-08 04:09:45'),
(199, 'Frog Peptides ', 'No', 1, 'No', '2020-09-08 04:09:45', '2020-09-08 04:09:45'),
(313, 'CatheTan ', 'No', 1, 'No', '2020-09-08 04:09:45', '2020-09-08 04:09:45'),
(103, 'Dengue monitoring ', 'No', 1, 'No', '2020-09-08 04:09:45', '2020-09-08 04:09:45'),
(327, 'Octis ', 'No', 1, 'No', '2020-09-08 04:09:45', '2020-09-08 04:09:45'),
(111, 'SoloScan ', 'No', 1, 'No', '2020-09-08 04:09:45', '2020-09-08 04:09:45'),
(68, 'E-griculture ', 'No', 1, 'No', '2020-09-08 04:09:45', '2020-09-08 04:09:45'),
(53, 'Thesis share ', 'No', 1, 'No', '2020-09-08 04:09:45', '2020-09-08 04:09:45'),
(266, 'Project Dhanak ', 'No', 1, 'No', '2020-09-08 04:09:45', '2020-09-08 04:09:45'),
(315, 'Relayer ', 'No', 1, 'No', '2020-09-08 04:09:45', '2020-09-08 04:09:45'),
(83, 'Water wise ', 'No', 1, 'No', '2020-09-08 04:09:45', '2020-09-08 04:09:45'),
(212, 'PowerDe Biosel ', 'No', 1, 'No', '2020-09-08 04:09:45', '2020-09-08 04:09:45'),
(155, 'Solar Clean ', 'No', 1, 'No', '2020-09-08 04:09:45', '2020-09-08 04:09:45'),
(48, 'EasyTameer ', 'No', 1, 'No', '2020-09-08 04:09:45', '2020-09-08 04:09:45'),
(129, 'Stair Lift ', 'No', 1, 'No', '2020-09-08 04:09:45', '2020-09-08 04:09:45'),
(135, 'Eco Bitumen ', 'No', 1, 'No', '2020-09-08 04:09:45', '2020-09-08 04:09:45'),
(87, 'Smart Irrigation ', 'No', 1, 'No', '2020-09-08 04:09:45', '2020-09-08 04:09:45'),
(80, 'Clen-Air ', 'No', 1, 'No', '2020-09-08 04:09:45', '2020-09-08 04:09:45'),
(119, 'CrasAir ', 'No', 1, 'No', '2020-09-08 04:09:45', '2020-09-08 04:09:45'),
(92, 'WMS ', 'No', 1, 'No', '2020-09-08 04:09:45', '2020-09-08 04:09:45'),
(320, 'AnimaTech ', 'No', 1, 'No', '2020-09-08 04:09:45', '2020-09-08 04:09:45'),
(46, 'VioDet ', 'No', 1, 'No', '2020-09-08 04:09:45', '2020-09-08 04:09:45'),
(78, 'SKYHAWK VTOL ', 'No', 1, 'No', '2020-09-08 04:09:45', '2020-09-08 04:09:45'),
(47, 'Cyber Guard ', 'No', 1, 'No', '2020-09-08 04:09:45', '2020-09-08 04:09:45'),
(203, 'Health Informatics', 'No', 1, 'No', '2020-09-08 04:09:45', '2020-09-08 04:09:45'),
(124, 'Assistive Robotics ', 'No', 1, 'No', '2020-09-08 04:09:45', '2020-09-08 04:09:45'),
(133, 'DermatoSight ', 'No', 1, 'No', '2020-09-08 04:09:45', '2020-09-08 04:09:45'),
(339, 'Anxiety Relief ', 'No', 1, 'No', '2020-09-08 04:09:45', '2020-09-08 04:09:45');

-- --------------------------------------------------------

--
-- Table structure for table `users`
--

DROP TABLE IF EXISTS `users`;
CREATE TABLE IF NOT EXISTS `users` (
  `id` int(10) UNSIGNED NOT NULL AUTO_INCREMENT,
  `name` varchar(255) COLLATE utf8mb4_unicode_ci NOT NULL,
  `email` varchar(255) COLLATE utf8mb4_unicode_ci NOT NULL,
  `password` varchar(255) COLLATE utf8mb4_unicode_ci NOT NULL,
  `mobile` varchar(255) COLLATE utf8mb4_unicode_ci NOT NULL DEFAULT 'None',
  `role` varchar(255) COLLATE utf8mb4_unicode_ci NOT NULL,
  `arrived` varchar(255) COLLATE utf8mb4_unicode_ci NOT NULL DEFAULT 'No',
  `remember_token` varchar(100) COLLATE utf8mb4_unicode_ci DEFAULT 'None',
  `created_at` timestamp NULL DEFAULT NULL,
  `updated_at` timestamp NULL DEFAULT NULL,
  PRIMARY KEY (`id`),
  UNIQUE KEY `users_email_unique` (`email`) USING HASH,
  KEY `users_id_index` (`id`)
) ENGINE=MyISAM AUTO_INCREMENT=22 DEFAULT CHARSET=utf8mb4 COLLATE=utf8mb4_unicode_ci;

--
-- Dumping data for table `users`
--

INSERT INTO `users` (`id`, `name`, `email`, `password`, `mobile`, `role`, `arrived`, `remember_token`, `created_at`, `updated_at`) VALUES
(1, 'Mr. Amer Zafar Durrani', 'adurrani@reenergia.com', '$2b$10$twPguXcwekDNA0pwPy2LEuscZZE4XjSh2QmzjxVQMCczsofOB0a0y', 'None', 'judge', 'No', 'uInQxPvHS9UYzN7dMM3rK0HntPZpZ9GlQsCr4W3sssfnGRyFSnZQThBEjKIY', '2020-09-08 04:09:42', '2020-09-08 04:09:42'),
(2, 'Mr. Fahad Islam Tiwana', 'fahadtiwana@gmail.com', '$2b$10$oJ8OQ98l2sJ8QdtisfafjutTbA5XzHje2d7GKcQcm9t7riVYa4qq6', 'None', 'judge', 'No', 'None', '2020-09-08 04:09:42', '2020-09-08 04:09:42'),
(3, 'Mr. Imran', 'mimrrank@gmail.com', '$2b$10$7Q/mhUolO25z8BdYwTGcjeYQWWUvkJ3U6dNLxKAfIbR3MuLBrQjGG', 'None', 'judge', 'No', 'WwgiQYdtfO5qPRn3FPpIA0xBBMga66XirotMtP881v20qDGjgTlnFKjFogCe', '2020-09-08 04:09:42', '2020-09-08 04:09:42'),
(4, 'Mr. Muneeb Ahsan Malik', 'muneeb.malik@iengineering.com', '$2b$10$tSMsRMVt/OzdflHUfgETX.lWoohqg.3wzO5pL7GnCby7A0EHV1Pn2', 'None', 'judge', 'No', 'None', '2020-09-08 04:09:43', '2020-09-08 04:09:43'),
(5, 'Judge1 ', 'judgexfics.1@gmail.com', '$2b$10$zUAsbECk2NtmGan85lJvGOaIaSb6nEaIHsaBQ8tk7YCaDhgOgV0/m', 'None', 'judge', 'No', 'None', '2020-09-08 04:09:43', '2020-09-08 04:09:43'),
(6, 'Mr. Khalid Khan Chairman', 'khalid@3gca.org', '$2b$10$7MyDNXu71yZQmTxFa5xDZOWVCq37lPZNwh.X2.pGHdLKt4Y50FDZG', 'None', 'judge', 'No', 'None', '2020-09-08 04:09:43', '2020-09-08 04:09:43'),
(7, 'Mr. Habil Ahmed Khan Director Operations', 'habil@weltkonnect.com', '$2b$10$l85JmeJjF9pTzXgu/lPoV.sRAmTjkO1rsOKuzNf8fy6JKDRwojo1O', 'None', 'judge', 'No', 'None', '2020-09-08 04:09:43', '2020-09-08 04:09:43'),
(8, 'Mr. Imran Tanveer', 'im.imrantanveer@gmail.com', '$2b$10$sW7l4RhBTovF66rP0pUWReWo49D6tW/4oW8.JLoZPGLAbCHHCBho6', 'None', 'judge', 'No', 'None', '2020-09-08 04:09:43', '2020-09-08 04:09:43'),
(9, 'Mr.Shakeel ', 'ddc@nrtc.com.pk', '$2b$10$/Nne/i4WrRCqErqyX3iieOl473OPhGsHXS5fzkJ7J6IiJJ/EVIXE.', 'None', 'judge', 'No', 'None', '2020-09-08 04:09:43', '2020-09-08 04:09:43'),
(10, 'Judge2', 'judgexfics.2@gmail.com', '$2b$10$QEMl5s6kgKi89Pe2bqf0Ju4XkVVz5/DhupKRNvL4p0Oek9qnmqw7K', 'None', 'judge', 'No', 'None', '2020-09-08 04:09:43', '2020-09-08 04:09:43'),
(11, 'Ms. Samar Hasan', 'samar@epiphany.com.pk', '$2b$10$/4bTrIZmiYk9.8iKzvoh4.9AllQ3VuxHcQkO94Ch7mom9b9NTOwZq', 'None', 'judge', 'No', 'None', '2020-09-08 04:09:44', '2020-09-08 04:09:44'),
(12, 'Mr. Ahmad Ali ', 'ahmad.ali@narc.gov.pk', '$2b$10$AUq.u12ED0/c5uLeN7SljO8CroShIdQ63h29PRZPqNq6h/vNHjzMy', 'None', 'judge', 'No', 'None', '2020-09-08 04:09:44', '2020-09-08 04:09:44'),
(13, 'Mr. Ahad Nazir', 'ahad@sdpi.org', '$2b$10$9vA/aH0ROWMdexNMMqjPPeenWw3OtzZg8k7Z7vTd5U.nr.CNBq.ma', 'None', 'judge', 'No', 'None', '2020-09-08 04:09:44', '2020-09-08 04:09:44'),
(14, 'Mr. Sayyed Ahmad Masud', 'masud@changemechanics.pk', '$2b$10$2axyZkQIOnj7U5zZaop5dOGIFlImci9EBaXP/vIdSvigB6Re0xz7e', 'None', 'judge', 'No', 'None', '2020-09-08 04:09:44', '2020-09-08 04:09:44'),
(15, 'Judge3', 'judgexfics.3@gmail.com', '$2b$10$r68QPnPpkiwsyPSglebsCewpNSPN10xFjJnPHPWxlqyNXwGWyZLyO', 'None', 'judge', 'No', 'None', '2020-09-08 04:09:44', '2020-09-08 04:09:44'),
(16, 'Mr. Khurram Rahat', 'khuram.rahat@telenor.com.pk', '$2b$10$ZZq/vibqd53EmdKG3wCouOJDT354N0qr1lOfHG4.9sRNR1ioh/8z6', 'None', 'judge', 'No', 'None', '2020-09-08 04:09:44', '2020-09-08 04:09:44'),
(17, 'Mr. Muazzam Arsalan', 'muazzamarslan@alfoze.onmicrosoft.com', '$2b$10$pTCw/Ewn0AkDtffDJ0ZEg.xSITDFNOBoKPn/LkLHQ.CLRPgXqVqpm', 'None', 'judge', 'No', 'None', '2020-09-08 04:09:45', '2020-09-08 04:09:45'),
(18, 'Mr. Ammar Hussain Jaffri Chairman', 'ammar@brain.net.pk', '$2b$10$IvSklwkKomnB/ebH4MZ6rOAYTB0s/Oy6fu32Zos9SZ03zt1LYoavO', 'None', 'judge', 'No', 'None', '2020-09-08 04:09:45', '2020-09-08 04:09:45'),
(19, 'Aftab Ahmad', 'aftabsbs@gmail.com', '$2b$10$QUFFYg3rQIp0lorN7Am2.OKRtSrwHuAEWOKucJeJZUOhniC2XDtka', 'None', 'judge', 'No', 'None', '2020-09-08 04:09:45', '2020-09-08 04:09:45'),
(20, 'Judge4', 'judgexfics.4@gmail.com', '$2b$10$NjuJ25McRUWlGC2Hhz.phOcB05XAzRSsGRzAUPLlt9XJPYz7BbxXa', 'None', 'judge', 'No', 'None', '2020-09-08 04:09:45', '2020-09-08 04:09:45'),
(21, 'registrations', 'registrations@fics.com', '$2b$10$NjuJ25McRUWlGC2Hhz.phOcB05XAzRSsGRzAUPLlt9XJPYz7BbxXa', 'None', 'registrations', 'No', 'aqay0PJjkQNAzFn6gzDM3FSQQXPbfu947uwyWOufgsVODxIaiq30OwylDjaW', '2020-09-08 04:09:45', '2020-09-08 04:09:45');
COMMIT;

/*!40101 SET CHARACTER_SET_CLIENT=@OLD_CHARACTER_SET_CLIENT */;
/*!40101 SET CHARACTER_SET_RESULTS=@OLD_CHARACTER_SET_RESULTS */;
/*!40101 SET COLLATION_CONNECTION=@OLD_COLLATION_CONNECTION */;
